Name,Email,Password
Christy Evans,christy.evans.65@gmail.com,@)[G%5XIp0
Steven Campos,steven.campos.328@gmail.com,ovoiP8iRy?
Leah Davis,leah.davis.98@gmail.com,Hl4eUugy5\
Charles Pratt,charles.pratt.56@outlook.com,k9:TtX8j&w
Jeffery Miller,jeffery.miller.465@yahoo.com,"$=k55%,kq+"
Kimberly Hughes,kimberly.hughes.172@yahoo.com,i'k|Mqb_M[
Ricky Barber DVM,ricky.barber.dvm.757@outlook.com,"]N@(75sR""i"
Anthony Hurst,anthony.hurst.717@example.com,_yV#oy}ph&
James Martinez,james.martinez.374@example.com,"!p{Q#,Bzbr"
Shannon Berry,shannon.berry.929@gmail.com,kjbW+@!}ka
Melissa Cruz,melissa.cruz.103@outlook.com,]$/38$%G[P
Andrea Gutierrez,andrea.gutierrez.761@gmail.com,"BAyk^$""ZE8"
Kimberly Walker,kimberly.walker.580@gmail.com,]er{uEw6R)
Allen Gonzalez,allen.gonzalez.569@gmail.com,"P!K,>S!LB("
Stephen Elliott,stephen.elliott.284@yahoo.com,",MO#$76`k:"
Anna Black,anna.black.613@gmail.com,";SVzM\RUC,"
Melissa Parker,melissa.parker.456@yahoo.com,uoB9jKk[2$
David Campbell,david.campbell.820@example.com,6NXjbe-5d0
Justin Singleton Jr.,justin.singleton.jr..766@outlook.com,r=Ev$9h.8A
Mr. Joseph Carter,mr..joseph.carter.617@yahoo.com,o}yd@tA5^+
Gregory Robertson Jr.,gregory.robertson.jr..899@example.com,gi:Ca*&bEC
Alexis Flores,alexis.flores.630@gmail.com,"c6Qd^""ifIh"
Katelyn Rhodes,katelyn.rhodes.867@outlook.com,e63^Chw3Of
Danielle Martinez,danielle.martinez.534@gmail.com,De$!@/3(MX
Anthony Holden,anthony.holden.458@outlook.com,[RhqK|/'0{
Joan Mann,joan.mann.265@gmail.com,[~Np`Z>\C=
James Edwards,james.edwards.215@example.com,"Z\V""wyrP-,"
Tracey Watson,tracey.watson.976@outlook.com,G$Z!pCOvWc
Courtney Potts,courtney.potts.686@gmail.com,>T-'.i|-Qt
Keith Price,keith.price.668@gmail.com,"X.iSBT0qC,"
Heidi Kramer,heidi.kramer.311@yahoo.com,-9Q{+sZnPg
Adrian White,adrian.white.231@yahoo.com,tU|u{w7]ms
Judy Parker,judy.parker.403@outlook.com,e_h~TI=F'-
Chad Flores,chad.flores.259@example.com,F|Ceot*Z*g
Jonathan Sanchez,jonathan.sanchez.586@example.com,9G`i:4j6tf
Cody Morales,cody.morales.442@yahoo.com,0R)~HQF.|V
Natasha Ballard,natasha.ballard.847@gmail.com,<'ak[(IgJA
Zachary Vance,zachary.vance.502@gmail.com,tX;;]L6*jI
Wendy Fleming,wendy.fleming.132@example.com,<*=tsXzJ$-
Lorraine Morales,lorraine.morales.726@yahoo.com,n&2<&moMm/
Donald Orr,donald.orr.456@outlook.com,r$Gd&q'/^N
Eric Johnson,eric.johnson.601@yahoo.com,"-$q~eJq|,V"
Cynthia Sawyer,cynthia.sawyer.267@gmail.com,T$BOs'Dq(@
Janet Duncan,janet.duncan.982@gmail.com,0
Darlene Burns,darlene.burns.85@outlook.com,"!""j%C#CbXb"
Gregory Walker,gregory.walker.535@gmail.com,VSg~;8hhi.
Edgar Glenn,edgar.glenn.941@gmail.com,<Wpporo_g^
Dean Hall,dean.hall.123@outlook.com,-$$_/W(f}N
Sarah Burke,sarah.burke.896@example.com,e-+<Hx?ZD8
Russell Monroe,russell.monroe.212@gmail.com,fj$\'\*=[U
Devon Gray,devon.gray.993@gmail.com,"i>[ij4=""9,"
Luis Lee,luis.lee.484@example.com,MU%497$|q7
Brian Reilly,brian.reilly.305@example.com,Q#p%XtZ]bT
Daniel Wilkerson,daniel.wilkerson.867@yahoo.com,"D.c,z9;Y7["
Amanda Morgan,amanda.morgan.281@yahoo.com,C7l^/>5ash
Jessica Mills,jessica.mills.334@example.com,2}!2W{{gf<
Michelle Gonzalez,michelle.gonzalez.862@outlook.com,i7fT<8>x~i
Anthony Franklin,anthony.franklin.490@example.com,ZW``^/8Z|9
Jordan George,jordan.george.774@outlook.com,8ZPt0`3S8&
Joel Bishop,joel.bishop.221@example.com,"""\0eobH89$"
Joshua Carter,joshua.carter.45@yahoo.com,+VVL.Q{(i~
Ashley Collins,ashley.collins.773@example.com,a9hXl(fAia
Joseph Graham,joseph.graham.843@gmail.com,HaZ59Rj(Td
Kathy Kirby,kathy.kirby.831@yahoo.com,q9k8F:7Z7\
Jeffrey Henderson,jeffrey.henderson.733@yahoo.com,bYE!y$:CM`
Erik Grimes,erik.grimes.600@yahoo.com,DlfCT+F!/2
Keith Wilkerson,keith.wilkerson.974@outlook.com,Et}I~3@ks=
Kimberly Meadows,kimberly.meadows.899@example.com,egr;(oen])
Amanda George,amanda.george.556@outlook.com,'t_lb5GV;J
Keith Chapman,keith.chapman.585@example.com,bvKop-a}KD
Bryan Johnson,bryan.johnson.644@gmail.com,f1UuKFKu+E
April Page,april.page.901@yahoo.com,S>Dq]T%)Fc
Brian Kramer,brian.kramer.102@yahoo.com,*QxY8G!cA(
Todd Ford,todd.ford.668@outlook.com,";f""=nkt*f4"
Michael Phillips,michael.phillips.647@yahoo.com,\Hpc:?jd1p
Amy Patton,amy.patton.967@gmail.com,WN8J07FEag
Melanie Wong,melanie.wong.590@example.com,dE?}Z.))x}
Amanda Bond,amanda.bond.759@gmail.com,0
Elizabeth Hernandez,elizabeth.hernandez.464@example.com,nKpA0bHj7n
Amanda Dennis,amanda.dennis.326@gmail.com,)ZaH_9yW)N
Michael Green,michael.green.120@outlook.com,EAG9Bse&]a
Angela Smith,angela.smith.168@outlook.com,tTMQtX6*8\
Brandy Hicks,brandy.hicks.229@example.com,c&NaNl6r=#
Nicholas Walker,nicholas.walker.950@example.com,>X8;*?2~*y
Marisa Morgan,marisa.morgan.235@outlook.com,dAa-5=oA.7
Adam Peterson,adam.peterson.716@example.com,Q[*D8}W5u%
Ronald Dennis,ronald.dennis.236@outlook.com,$8q);ywnLz
Elizabeth Robinson,elizabeth.robinson.777@gmail.com,]:O~{h%jl`
Sara Hughes,sara.hughes.720@outlook.com,eJ7q[vwuVH
Susan Herrera,susan.herrera.768@outlook.com,"_U(m`+u,wN"
Robert Potts,robert.potts.488@outlook.com,"uD|,~<EOr|"
Stephen Campbell,stephen.campbell.714@gmail.com,17(zg&Y+/.
Sara Heath,sara.heath.397@outlook.com,"F>BT7,F=nd"
Peggy Martin,peggy.martin.492@gmail.com,"}pGwXL'""B2"
Carl Gamble,carl.gamble.546@outlook.com,KLc3fP%Ib3
Cynthia Stein,cynthia.stein.164@outlook.com,x5-+5M=mz8
Douglas Roberts,douglas.roberts.523@example.com,C$=<]JIPw:
Ryan Thomas,ryan.thomas.248@yahoo.com,@d6K@L#H42
April Andrade,april.andrade.388@outlook.com,xyqD(ol9P)
Amy Chavez,amy.chavez.192@yahoo.com,x/SxWxkX$#
Walter Castillo,walter.castillo.455@gmail.com,PBCaHXbQm[
Tanya Carlson,tanya.carlson.168@yahoo.com,k638l/QS)L
Danielle Cruz,danielle.cruz.994@example.com,"I72EN(E""n5"
Cory Hardy,cory.hardy.90@gmail.com,arbIYNK9]B
Kimberly Hays,kimberly.hays.410@outlook.com,?Q{E#'j(@2
William Blackwell,william.blackwell.109@example.com,c%[x9SX~7C
Wayne Rivera,wayne.rivera.603@gmail.com,"""ofD7%}3m^"
Tina Hensley,tina.hensley.190@gmail.com,oNY+(Xpyqx
Joseph Wyatt,joseph.wyatt.676@example.com,Jb&M9L!6TD
David Wood,david.wood.79@outlook.com,<)HwPF~*yz
Becky Bryant,becky.bryant.686@yahoo.com,%5\A})ly&g
Nicholas Hughes MD,nicholas.hughes.md.832@gmail.com,"""A]ovQnLr,"
Angel Irwin,angel.irwin.292@gmail.com,.gNyOCrE;M
Joshua Preston,joshua.preston.10@gmail.com,c=a-dtQA)'
Alexander Jones,alexander.jones.831@example.com,lo/=1y#s}p
Nicholas Adams,nicholas.adams.24@yahoo.com,\D\*O0}O<d
Corey Cochran,corey.cochran.202@yahoo.com,"PI\R""&wI'<"
William Carr,william.carr.54@example.com,N6Ax`@T:t-
Steven Sharp,steven.sharp.816@yahoo.com,CCPu/|[t<9
Julie Benson,julie.benson.388@gmail.com,^DjHV~VP~0
Steven Jenkins,steven.jenkins.501@outlook.com,"~je3y'R,^1"
Katherine Hughes,katherine.hughes.280@gmail.com,FBQ0H.FNur
Angela Young,angela.young.922@gmail.com,"sD,lKUG!*R"
Marie Williams,marie.williams.108@gmail.com,Goy{A>`P\$
Kimberly Gomez,kimberly.gomez.65@yahoo.com,)~%Zs68jW;
Christopher Murphy,christopher.murphy.599@outlook.com,RmdX/<\LWd
Joshua Harvey,joshua.harvey.92@gmail.com,c[I<6isEw_
Lisa James,lisa.james.737@yahoo.com,"7X\1g,[;p@"
Richard Hickman,richard.hickman.70@gmail.com,87##1O*ZK>
Andrea Ortiz,andrea.ortiz.17@outlook.com,"$CcwObg""u@"
Brad Clark,brad.clark.849@example.com,gX~T.HhZ]Z
Erica Meyers,erica.meyers.152@yahoo.com,D6e#17`|]&
Kenneth Schultz,kenneth.schultz.177@example.com,V<#]mW+$W?
Ryan Porter,ryan.porter.265@yahoo.com,zc$V0Ctud*
Crystal Carter,crystal.carter.997@outlook.com,1=8=T|.Rl5
Joshua Campbell,joshua.campbell.90@gmail.com,0!Mh_=q;Iu
Mary Maldonado,mary.maldonado.275@outlook.com,CYr<sFj=kO
Cassandra Soto,cassandra.soto.77@outlook.com,\aQth?)ui*
Lisa Walker,lisa.walker.871@outlook.com,!2*y+v~{T\
Alicia Pope,alicia.pope.9@example.com,";?hc""K>*sr"
Michael Sparks,michael.sparks.855@gmail.com,I/\;26$`wE
Kelly Ramirez,kelly.ramirez.481@gmail.com,VA9z(Pv<qx
Kevin Davis,kevin.davis.459@yahoo.com,Hg:&}b9wBT
Peter Smith,peter.smith.300@outlook.com,$\uwK8o\q]
Jordan King DDS,jordan.king.dds.268@yahoo.com,c<D}oD2^$P
Amy Townsend,amy.townsend.577@yahoo.com,e5=[wGW#/6
Patricia Lopez,patricia.lopez.435@example.com,udlrpK3jHE
Kathleen Brennan,kathleen.brennan.303@outlook.com,0
Mrs. Christina Martinez,mrs..christina.martinez.958@example.com,4(0k0hEy]a
Matthew Schneider,matthew.schneider.479@yahoo.com,\{T}cFXT@X
Fernando Martin,fernando.martin.328@outlook.com,sU;Es8aRs0
Jason Edwards,jason.edwards.339@outlook.com,"Xd6?T@=[""Z"
David Le,david.le.874@example.com,"Sv8TK""5e*2"
Erin Holt,erin.holt.505@outlook.com,_;&_L8CQ}M
Angel Wilson,angel.wilson.437@gmail.com,Bz9X?x1xEL
Christopher Travis,christopher.travis.144@yahoo.com,P#882gfoWy
Susan Anderson,susan.anderson.367@example.com,:bXwHz=[}+
Monique Ingram,monique.ingram.374@yahoo.com,QWAx*xkz7i
Kristina Cordova,kristina.cordova.200@outlook.com,m-RS&d`3[j
Kevin Jefferson,kevin.jefferson.594@outlook.com,"-d,kjRW3{w"
Derek Randall,derek.randall.11@gmail.com,2T3PPxP$`F
Leah Mclean,leah.mclean.262@example.com,H./Nw%_{3c
Antonio Conner,antonio.conner.350@example.com,C|e7tb[:G>
Lisa Wright,lisa.wright.592@yahoo.com,pS8W96m4>7
Dr. Joseph Hunt DDS,dr..joseph.hunt.dds.882@example.com,9?/MsM)=Xf
Kevin Smith,kevin.smith.71@outlook.com,T5x|uug2Sb
Carrie Harris,carrie.harris.228@example.com,2t+TL3:+TO
Bruce Morris,bruce.morris.692@yahoo.com,uxn~U;C\[E
Joshua Ellis,joshua.ellis.899@gmail.com,V4>>\V&5-1
Jon Murray,jon.murray.340@example.com,]7]3|=>6<j
Timothy Smith,timothy.smith.362@gmail.com,0
Luke Alvarez,luke.alvarez.465@yahoo.com,0
Kevin Morgan,kevin.morgan.215@example.com,`PyJ{hjxJi
Robert Armstrong,robert.armstrong.832@yahoo.com,i``|2NhgWB
Stacy Harris,stacy.harris.797@example.com,qfpV_RL9L%
Timothy Mcgrath,timothy.mcgrath.666@example.com,qpx)dpQ2X9
Patrick Landry,patrick.landry.910@example.com,"!A7gS,cQi*"
Tammy Williams,tammy.williams.610@gmail.com,eVI\6`KW7T
Rita Hall,rita.hall.138@gmail.com,8StQu7ACXr
Julie Esparza,julie.esparza.898@yahoo.com,"B92@bpxY,w"
Gregory Patterson,gregory.patterson.221@example.com,"c""(4M+,zzP"
Matthew Mejia DVM,matthew.mejia.dvm.320@yahoo.com,B&KdfdNQ_&
Mrs. Barbara Mack,mrs..barbara.mack.653@gmail.com,"w,CKd>;bXr"
Barbara Graham,barbara.graham.885@outlook.com,PVVO(q^j7~
Daniel Hogan,daniel.hogan.28@outlook.com,"<V4n;>$]""&"
Justin Nelson,justin.nelson.888@example.com,]uHH-Nq_hA
Kimberly Pearson,kimberly.pearson.731@example.com,+)|O2L}i&j
Kimberly Clark,kimberly.clark.195@yahoo.com,K_h:4q>G<K
Sandra Barker,sandra.barker.745@gmail.com,EmOn-.]g#P
Edward Freeman,edward.freeman.197@gmail.com,d\JrDpvy@X
Kimberly Costa,kimberly.costa.509@outlook.com,.PoW$sHFl^
Aaron Kramer,aaron.kramer.342@example.com,/$gz{)PoZ!
Dorothy Higgins,dorothy.higgins.761@example.com,z+e=W.|dn!
Ian Howell,ian.howell.906@example.com,4+DmM^#v7#
Jonathan Scott,jonathan.scott.538@example.com,mlaRQ;WeM7
Timothy Griffith,timothy.griffith.119@gmail.com,h`{nn@||V2
Kellie Gomez,kellie.gomez.7@yahoo.com,VY0h:YI?z7
David Jackson,david.jackson.154@gmail.com,"Rg6""=e-x>n"
Eric Pruitt,eric.pruitt.515@gmail.com,|4x6m.bu+|
Jeremy Keller,jeremy.keller.295@example.com,Q_q0SO>9TY
Mark Hanson,mark.hanson.324@gmail.com,vFc3MVmZ~e
Eric Harvey,eric.harvey.560@outlook.com,"Qr5||=qj""7"
Paul Taylor,paul.taylor.282@yahoo.com,#-*?lTG6z+
Tristan Gordon,tristan.gordon.941@outlook.com,nthjyCNi6l
Katherine Fischer,katherine.fischer.604@gmail.com,%b%LHRa$bs
Michael Rangel,michael.rangel.832@gmail.com,0
Stephanie Fisher,stephanie.fisher.401@outlook.com,K1ZN5:.VdI
Jacob Mcbride,jacob.mcbride.142@yahoo.com,|ZSBL$.*um
Laurie Schneider,laurie.schneider.543@outlook.com,ZBx-)&d$Ck
Daryl Foster,daryl.foster.87@outlook.com,hyAmX3&XPC
Jennifer Dennis,jennifer.dennis.292@outlook.com,Yh=<S.#1&W
James Patrick MD,james.patrick.md.57@gmail.com,r:g=^$kMfb
Greg Wells,greg.wells.829@yahoo.com,O.]%=$ncv@
Sarah Shannon,sarah.shannon.416@outlook.com,y?lkavyjY?
Spencer Brown,spencer.brown.920@yahoo.com,nZDld0GV6?
Shawn James Jr.,shawn.james.jr..123@outlook.com,",Ckf|?^Aat"
Yvette Perry,yvette.perry.761@yahoo.com,6UGGQa?g5q
Christopher Guzman,christopher.guzman.502@outlook.com,!qu>xU$$Cy
Leon Lara,leon.lara.731@gmail.com,?sT&6C<fql
Jeremy Mcbride,jeremy.mcbride.786@outlook.com,Lz_V-cyN.\
Vincent Moore,vincent.moore.524@outlook.com,"P),9[F~zM$"
Dennis Thomas,dennis.thomas.912@outlook.com,84p1?aY}*v
Scott Brown,scott.brown.377@outlook.com,"O""z)6)\5RB"
Valerie Ramirez,valerie.ramirez.938@outlook.com,|%xR]V6N@=
Elizabeth Scott,elizabeth.scott.488@gmail.com,aO:hU$<w=H
Donald Scott,donald.scott.584@yahoo.com,:5%BcT3@N<
Charles Cole,charles.cole.708@outlook.com,EPsU@E|UF_
Victoria Mitchell,victoria.mitchell.569@gmail.com,K<AUz;[iEf
Justin Dennis,justin.dennis.522@outlook.com,"{d-a,r8v,F"
Mr. Stephen Young MD,mr..stephen.young.md.789@outlook.com,c[_.AG&1:r
Joshua Mays,joshua.mays.892@outlook.com,wApE%9-$M)
Alex Knox,alex.knox.257@example.com,U6qskN/d^3
Andrew Brown,andrew.brown.985@gmail.com,+=[HiX&14A
Tara Warren,tara.warren.496@yahoo.com,0jdNllC?{[
Lawrence Petersen,lawrence.petersen.856@example.com,U3ECOW[An;
Keith Hampton,keith.hampton.383@yahoo.com,(>:xut6P=4
Jacob Jackson,jacob.jackson.36@yahoo.com,2_Fy(]yR2X
Gloria Jones,gloria.jones.358@example.com,"""tihn)M$O\"
Kenneth Rivera,kenneth.rivera.156@yahoo.com,"zz|U2a,;i)"
Ronald Chen,ronald.chen.28@yahoo.com,]U2Y]RDv}n
Teresa Brown,teresa.brown.852@outlook.com,qLB0K6zDPO
Wendy Parker,wendy.parker.923@outlook.com,6Aa7>^rVQq
Jack Martin,jack.martin.851@yahoo.com,&a9w^|X8jD
Brent Davis,brent.davis.782@yahoo.com,"""cMDxXeQiX"
Aaron Phillips,aaron.phillips.102@yahoo.com,~O3LqQ4QWF
Deborah Carr,deborah.carr.25@outlook.com,"sLx{""vd7(/"
Gary Rowe,gary.rowe.782@yahoo.com,|t#-A`I%>M
James Rivera,james.rivera.655@outlook.com,T\cOIS-x2;
Donna Lindsey,donna.lindsey.335@gmail.com,2&`+lP7O)J
Carlos Preston,carlos.preston.422@yahoo.com,0{&7#$/PID
Dr. Taylor Sherman,dr..taylor.sherman.456@example.com,M4@UZa':yH
Anthony Christian,anthony.christian.777@outlook.com,!KG#y:~:OL
Stacey Perkins,stacey.perkins.477@example.com,nvc`}V_o`2
Blake Cooper,blake.cooper.733@yahoo.com,ww{fkkRwPJ
Melissa Mata,melissa.mata.148@outlook.com,0aE@}~Ph>E
Sarah Thompson,sarah.thompson.498@example.com,&DNKZ`kOnB
Ann Williams,ann.williams.567@yahoo.com,^|6*!uwq7z
Jason Morales,jason.morales.160@example.com,"6""qcQ@^Q:X"
Scott Rowe,scott.rowe.881@outlook.com,d3ms(Ty6:F
Joel Thomas,joel.thomas.570@yahoo.com,nz@**&Hy@J
Charles Tucker,charles.tucker.524@yahoo.com,9/mf`S!e]!
Andrew Contreras,andrew.contreras.887@yahoo.com,"4!8wWT0Id"""
Jane Clarke,jane.clarke.445@example.com,"Y""XG]SDd&Z"
Traci Jones,traci.jones.725@outlook.com,m7L$scf^}K
Robert Barnes,robert.barnes.230@example.com,u#Wup*`}e?
Charles Humphrey,charles.humphrey.265@yahoo.com,"f\NU<i>,A!"
Kathryn King,kathryn.king.276@example.com,"""gSa(rG*H'"
Stephanie Johnson,stephanie.johnson.700@outlook.com,gsox)73h|>
Sara Cohen,sara.cohen.282@yahoo.com,M(6_L'%!5c
James Morris,james.morris.259@example.com,z]Rl(RxBB%
Patrick Sullivan,patrick.sullivan.82@example.com,#Ti*E]+}_9
Kayla Rodriguez,kayla.rodriguez.426@gmail.com,atdl@2u#aF
Jenna Dunn,jenna.dunn.790@yahoo.com,WQE*LQ?U>b
Tiffany Bennett,tiffany.bennett.509@gmail.com,&M(7|*?Fy<
Sara Elliott,sara.elliott.852@gmail.com,0
Emily Gonzalez,emily.gonzalez.766@example.com,",]$]B{vwee"
Vanessa White,vanessa.white.867@gmail.com,"R!K*yWc,dQ"
Brian Evans,brian.evans.439@gmail.com,`bllN9Q=;|
Terrance Martinez DVM,terrance.martinez.dvm.436@yahoo.com,~3)A)ar6Mm
Heather Barber,heather.barber.508@gmail.com,ObL1YV(yQk
Melissa Simon,melissa.simon.81@yahoo.com,m8Dh[}Wb5C
Amy Lopez,amy.lopez.691@gmail.com,6f^*0jPTVK
Barbara Joyce,barbara.joyce.885@outlook.com,"D#F&UG$""ZD"
Blake Johnson,blake.johnson.378@example.com,IBX-hP;?pl
Daniel Drake,daniel.drake.755@outlook.com,j^G71V:r7)
Seth Cannon,seth.cannon.48@outlook.com,S_{Z$c5QTa
Douglas Snyder,douglas.snyder.124@gmail.com,u{0~V1;5c4
Maria Martin,maria.martin.817@outlook.com,XiblXOZ8lR
Sheri Thomas,sheri.thomas.735@example.com,",)TD!Wtu8}"
Renee Anthony,renee.anthony.48@yahoo.com,+$X`B}S|=O
Melissa Park,melissa.park.642@yahoo.com,l7mEXsaJxn
Heidi Wood,heidi.wood.591@example.com,"FKui,,_bMr"
Kathy Johnson,kathy.johnson.779@outlook.com,"7mv""?o+6)g"
Deborah Shelton,deborah.shelton.235@gmail.com,A4W\/I}G#M
Cynthia Woods,cynthia.woods.350@gmail.com,]9H]gHQxX\
Nicholas Vasquez,nicholas.vasquez.32@gmail.com,w_?3]A(H}9
James Davis,james.davis.199@example.com,c@r*%BP)F-
Rose White,rose.white.687@yahoo.com,"<41!ol9-,P"
Christopher Barry,christopher.barry.778@yahoo.com,"L""Pf}B7Qeu"
Brandon Garcia,brandon.garcia.665@example.com,"77{,xi0~v@"
Johnny Bell,johnny.bell.417@gmail.com,>N$8yQ*7D?
Miss Lisa Welch MD,miss.lisa.welch.md.23@outlook.com,MSB?U>in5e
Patricia Fowler,patricia.fowler.884@example.com,"yM<'KUU,8!"
Megan Wolfe,megan.wolfe.680@yahoo.com,qWX;cMd@P'
Lisa Williams,lisa.williams.895@example.com,1\^|6;4o8p
Michelle Davis,michelle.davis.447@gmail.com,Axs~peEYzz
Danielle Walker,danielle.walker.954@outlook.com,F=)*kJmHjx
Katie Saunders,katie.saunders.708@example.com,EIYR='f`?C
Christina Anderson,christina.anderson.463@outlook.com,<C2GbG34Y{
Michael Bridges,michael.bridges.370@gmail.com,W(#\FV]7&=
Matthew Clayton,matthew.clayton.804@yahoo.com,e%!f'ga:N;
Nicholas Donovan,nicholas.donovan.145@example.com,"""%Cc!~0YIE"
Jennifer Rosales,jennifer.rosales.794@yahoo.com,Ac'!`-Uk37
Stacey Flowers,stacey.flowers.477@yahoo.com,|7:|}.x}J2
Mr. Alexis Mitchell,mr..alexis.mitchell.504@outlook.com,wnx.rugRUZ
Joshua Fisher,joshua.fisher.296@example.com,{X)oC]I&n&
Sandra Ruiz,sandra.ruiz.730@yahoo.com,Iht%o1=iVn
Jill Lopez,jill.lopez.632@outlook.com,0
Norman Mendez,norman.mendez.53@yahoo.com,vWI|)|@9SE
Pamela Thomas,pamela.thomas.136@gmail.com,JG?c{XsgY?
Sarah Hunt,sarah.hunt.743@yahoo.com,kurp4>i;VO
Kathryn Stevens,kathryn.stevens.624@gmail.com,3x^g_r~EZS
Penny Watkins,penny.watkins.877@gmail.com,"il@$q3,L0\"
Chase Harvey,chase.harvey.294@yahoo.com,TEu%Z.P|uR
Tanya Rivera,tanya.rivera.797@gmail.com,gu)EwzP5k~
Crystal Rowe,crystal.rowe.515@outlook.com,"*pQx,\%d^l"
Lawrence Martinez,lawrence.martinez.909@example.com,V4ZRd#tU$)
Ryan Flores,ryan.flores.221@example.com,!_gnc2#g<&
Ashley Page,ashley.page.847@gmail.com,d!>`B(eE6N
Marvin Gonzalez,marvin.gonzalez.14@example.com,Q>+H[5#GVT
Philip Jones,philip.jones.73@outlook.com,"Mo""+M|g!mE"
Ian Rivera DVM,ian.rivera.dvm.436@outlook.com,7LYEN7<w>e
John Nash,john.nash.152@yahoo.com,|S|(p?Zdf[
Jodi Cook,jodi.cook.28@example.com,\_v0KdLs3r
Jessica Miller,jessica.miller.499@gmail.com,"'G/ga3=BR,"
Erin Salazar,erin.salazar.395@example.com,:XL/BHvHs>
Jeremy Dunlap,jeremy.dunlap.218@example.com,yYuBL`}q>X
Alyssa White,alyssa.white.382@example.com,0
David Blackwell,david.blackwell.966@outlook.com,7@[^!zqc}2
Robert Lamb,robert.lamb.87@outlook.com,;VRwDF&p]=
Kathleen Carpenter,kathleen.carpenter.644@yahoo.com,"^fW""nnMl!;"
Joyce Lewis,joyce.lewis.261@example.com,GjUGtX1`aH
Tina Meyer,tina.meyer.436@gmail.com,lG[.9=1Ay3
Jon Owens,jon.owens.874@outlook.com,y@aE!\9x=q
Mercedes Ellis,mercedes.ellis.437@example.com,y-J!R_I#bN
Erika Sullivan,erika.sullivan.596@gmail.com,l2q0pYG&{E
Matthew Shepard,matthew.shepard.772@gmail.com,".aa,$zeA.7"
Stephen Zuniga,stephen.zuniga.367@yahoo.com,/h<~)a\BW|
Matthew Vazquez,matthew.vazquez.506@example.com,bK^2}oTr}t
Joseph Wilson,joseph.wilson.77@yahoo.com,<>8w3Da5jn
Kathryn Sanchez,kathryn.sanchez.702@outlook.com,hdL(z_F[Qc
Mark Hunter,mark.hunter.76@outlook.com,7fxmY9;vyP
Parker Malone,parker.malone.226@yahoo.com,3eV;?K3s?&
Christina Snyder,christina.snyder.415@example.com,XpCd~`_Fxz
Philip Duncan,philip.duncan.933@outlook.com,}lKjD=a|=n
Alicia Wade,alicia.wade.741@example.com,nfiZ1|byM0
Andrew Anderson,andrew.anderson.621@example.com,*t>~&H](-v
Joseph Chambers,joseph.chambers.132@outlook.com,<XWJ6wkhoR
April Sanchez,april.sanchez.345@gmail.com,"#FmH*`E5""4"
Michele Fisher,michele.fisher.316@yahoo.com,"[k_e##FH,9"
Lisa Medina,lisa.medina.326@example.com,[e:.nN[2:%
Wendy Williams,wendy.williams.200@gmail.com,|D#L/SN%`d
Brian Schaefer,brian.schaefer.845@gmail.com,48Q%^OQD[/
Ruben Moore,ruben.moore.241@example.com,?%*76P8RNR
James Lee,james.lee.960@yahoo.com,NJXUOELj[Y
Amber Baker,amber.baker.48@outlook.com,W[7JI}M8-=
Dylan Lambert,dylan.lambert.172@gmail.com,aE@.-eH0d)
Frank Mcdowell,frank.mcdowell.7@example.com,wnR);QB}8@
Jordan Perkins,jordan.perkins.135@example.com,ArWx9?erm`
Randall Bell,randall.bell.19@outlook.com,q4OGUr%jvj
Danny Lawrence,danny.lawrence.321@gmail.com,/A[P$}WdRC
Derrick Norton,derrick.norton.330@yahoo.com,\JH--E?eFK
Carmen Walker,carmen.walker.312@gmail.com,<9&0lR[ClO
Robert Rogers,robert.rogers.653@outlook.com,po`22f;L-n
Denise Bradley,denise.bradley.370@outlook.com,7.+oQMK>ZB
Savannah Martin,savannah.martin.131@outlook.com,Kuep|VXb[Z
Hector Anderson,hector.anderson.297@outlook.com,\Y20.2s2nH
Lisa Mitchell,lisa.mitchell.831@yahoo.com,n.YA!6n0`$
Meghan Hawkins,meghan.hawkins.307@example.com,`1y-u1j0|t
Shaun Phillips,shaun.phillips.462@gmail.com,?R|}VGlkGU
Angela Maynard,angela.maynard.251@yahoo.com,{wlO5oS0r(
Crystal Tucker,crystal.tucker.189@outlook.com,I.N<PQQp*=
Thomas Carroll,thomas.carroll.83@example.com,"D""jv0&bU){"
Eric Thompson,eric.thompson.62@example.com,'!*7kz'/Ee
Brenda Patton,brenda.patton.407@yahoo.com,"t-OC,y}8*n"
Michael Carter,michael.carter.918@yahoo.com,i;52d5!f'M
Jose Gray,jose.gray.757@gmail.com,24p'C4ogo}
Catherine Miller,catherine.miller.246@yahoo.com,B~*llbz61Q
Sarah Ingram,sarah.ingram.32@yahoo.com,"4,wAK-r*]="
Patrick Smith,patrick.smith.555@example.com,"i&Iy%,UFv3"
Allen Cameron,allen.cameron.933@outlook.com,mEE^7~t%bX
Linda Wall,linda.wall.985@gmail.com,f?`g4k#M@#
Carrie Arias DDS,carrie.arias.dds.980@gmail.com,oh9TDmbff(
Adam Mendez DVM,adam.mendez.dvm.521@outlook.com,>dKC3)s/u.
Danielle Hess,danielle.hess.469@yahoo.com,`qzD#O7|Sb
Jennifer Calhoun,jennifer.calhoun.552@yahoo.com,XHO}BI!)z=
Amanda Maldonado,amanda.maldonado.890@gmail.com,S[j98z8>xQ
Natalie Tucker,natalie.tucker.794@yahoo.com,(9Q}HxVt1l
Samuel Cochran,samuel.cochran.487@gmail.com,W$=&J3`hoJ
Holly Weber,holly.weber.266@outlook.com,Ly4(N[7fNT
Shawn Clay,shawn.clay.575@outlook.com,-[KX6E>4}+
Jeffrey Allen,jeffrey.allen.104@yahoo.com,AI>YuiD2-~
David Nelson,david.nelson.321@outlook.com,hw>E`DZG='
John Middleton,john.middleton.16@yahoo.com,"G\i""(>-@Z2"
Emily Brown,emily.brown.304@outlook.com,"XI('}|hO$"""
Anthony Golden,anthony.golden.33@outlook.com,z_is^AkL2P
Christian Turner,christian.turner.478@outlook.com,".fWCV,QB<`"
Alejandra Rodriguez,alejandra.rodriguez.596@example.com,"5n""Zf)Z}.-"
Ashley Hall,ashley.hall.250@gmail.com,"N.mp7=/,MH"
Robert Pittman,robert.pittman.496@yahoo.com,"\"",C~hgyD/"
Linda Smith,linda.smith.290@example.com,"W}:|>x&,>3"
Alison Garcia,alison.garcia.528@yahoo.com,Bcy%_jF9kN
Nicole Sheppard,nicole.sheppard.978@example.com,fC~]g<u1ll
Amy Roberts,amy.roberts.329@outlook.com,>o*PEc~Q;P
Kathryn Stein,kathryn.stein.219@outlook.com,"""*+P=J17ds"
Michael Hunter,michael.hunter.89@yahoo.com,"_s4M$',?3%"
Donna Ward,donna.ward.870@example.com,\L8Aua*GU*
Cassandra Williams,cassandra.williams.663@example.com,u$r?MCFW&\
Gina Taylor,gina.taylor.304@gmail.com,'x\tLl-R0w
Joseph Donovan,joseph.donovan.32@yahoo.com,]V!Z9#C2lk
Jennifer Mitchell,jennifer.mitchell.532@gmail.com,*i^g5+)IqE
Christopher Raymond,christopher.raymond.258@example.com,Gp>vq/\SiU
Kristen Jones,kristen.jones.659@outlook.com,[{}L/AXZzM
Adam Graham,adam.graham.915@gmail.com,",N'*/l]AM!"
Raymond Joseph,raymond.joseph.616@gmail.com,eF1fPZpMug
Sandra Ferguson,sandra.ferguson.706@example.com,Tg~Jc?5;(V
Taylor Martin,taylor.martin.708@yahoo.com,9Z;h7R89&{
Samuel Hicks,samuel.hicks.697@gmail.com,"/e+}noXfV,"
Timothy Clark,timothy.clark.69@outlook.com,LW$URw;I<9
Laura Beck,laura.beck.449@example.com,%5\h+~KMk6
Justin Manning,justin.manning.237@example.com,"VkHc,i'WyC"
Ronald Coleman,ronald.coleman.267@example.com,"<07dy_,c'j"
Catherine Mahoney,catherine.mahoney.892@yahoo.com,|v<Pr^U$*w
Edward Gregory,edward.gregory.136@yahoo.com,N*1oS}{dGW
Jerry Owens,jerry.owens.369@gmail.com,cZi(0SvxFz
Jo Hodge,jo.hodge.151@yahoo.com,:J7WKfZdOp
Keith Mclaughlin,keith.mclaughlin.456@yahoo.com,s/kTQXx-b_
Robert Long,robert.long.12@example.com,;eng[o_'E3
Amanda Brown,amanda.brown.66@gmail.com,"{,N[qoy1!?"
Michelle Holmes,michelle.holmes.357@gmail.com,"OEiy,QJAKW"
Nichole Miller,nichole.miller.619@gmail.com,a<yAHghMUb
Brad Aguirre,brad.aguirre.689@example.com,O+X(o!qU/S
Sheila Hall,sheila.hall.264@gmail.com,"Cd\M~?A,V)"
Vanessa Nichols,vanessa.nichols.399@gmail.com,GII+WBT>AN
Christopher Morris,christopher.morris.749@example.com,ZMP6bz1>f/
Colin Thomas,colin.thomas.539@gmail.com,:gw'Y>HiAy
John English,john.english.676@yahoo.com,0Lv73ceH58
Keith Munoz,keith.munoz.448@gmail.com,4K.fLeE2P~
Christopher Rodriguez,christopher.rodriguez.182@outlook.com,f`04v!tZpo
Benjamin Benjamin,benjamin.benjamin.743@example.com,L?0hz-v2}}
Marc Gates,marc.gates.808@outlook.com,"T-$+>>,s<z"
Michelle Camacho,michelle.camacho.565@yahoo.com,K((!}b(gco
Angela Le,angela.le.980@example.com,FzTdoD-*]_
Howard Wright,howard.wright.551@gmail.com,"X,S7vh+o%4"
Paul Alexander,paul.alexander.94@yahoo.com,F4b%|;e3&P
Monica Booker,monica.booker.815@gmail.com,6(]Xg+3*wP
Tony Levy,tony.levy.902@outlook.com,UT0:3v;`L9
Monica Sanchez,monica.sanchez.810@gmail.com,}BkO3&Xa\9
Brandy Nixon,brandy.nixon.395@yahoo.com,M.EtEQQ~@9
Julie Braun,julie.braun.197@gmail.com,CHj8\vR01@
Teresa Richardson,teresa.richardson.528@yahoo.com,rhk6n|A6*o
Nina Alexander,nina.alexander.180@yahoo.com,"Sz{,=gPy[\"
Emily Herrera,emily.herrera.506@outlook.com,s[zC>X:%xu
Joe Mcgrath,joe.mcgrath.955@outlook.com,;N59JzNYev
Theresa Gilbert,theresa.gilbert.941@example.com,+QtjUOMDKW
Lee Williams,lee.williams.12@example.com,?D#_5$*1c0
Jason Burke,jason.burke.627@example.com,",9$v1,on_L"
Erica Hardy,erica.hardy.79@example.com,Ym)V4:V16k
Stanley Yang,stanley.yang.324@yahoo.com,_4%CVHI2$=
Diane Boyer,diane.boyer.755@example.com,{r{ic_P0)i
Sarah Lee,sarah.lee.531@yahoo.com,g~XY4EnUYT
Kathy Mullins,kathy.mullins.105@gmail.com,5`j~NuT+/}
Amy Weeks,amy.weeks.787@gmail.com,Q@_]euYgM3
Brian Crawford,brian.crawford.548@gmail.com,\$:M^8-R*O
Alejandro Ramos,alejandro.ramos.3@gmail.com,6q3/HR6z!7
Troy Shields,troy.shields.116@outlook.com,g!#U6`Nlkc
Matthew Mcmahon,matthew.mcmahon.237@example.com,MShzA0<dS|
Thomas Thomas,thomas.thomas.930@example.com,u&cNpT9>=!
Jeremiah Schultz,jeremiah.schultz.841@gmail.com,zkMDOfCJ1V
Richard Sandoval,richard.sandoval.491@example.com,\hR1G65%*U
Jamie Owens,jamie.owens.631@outlook.com,LOF1:;dgRy
Julia Castillo,julia.castillo.249@example.com,&<)v(|+ZQ6
James Henry,james.henry.903@gmail.com,#OdV$BQBQ<
Daniel Hendrix,daniel.hendrix.108@outlook.com,A<!C*Vnph:
Sean King,sean.king.804@outlook.com,G<(b<f5Hn6
Brittany Johnson,brittany.johnson.350@gmail.com,Xf98X1Q:8b
Emily Ware,emily.ware.705@example.com,+pW8H/?5;C
Steven Leach,steven.leach.729@example.com,CylcnxZ?e2
Kevin Brown,kevin.brown.270@outlook.com,3uN>|!iX]=
Tamara Thomas,tamara.thomas.783@outlook.com,"0@""o^9AoGL"
Michael Carlson,michael.carlson.169@gmail.com,.[uK-S(+$g
Danielle Webb,danielle.webb.558@outlook.com,]`:WiXB@u(
John Rogers,john.rogers.30@outlook.com,"a-Z""Qi~(`J"
David Ingram,david.ingram.710@outlook.com,a?$GW.NzOd
Joseph Bell,joseph.bell.194@example.com,\Fi@McQVs#
Robert Velez,robert.velez.347@gmail.com,qSsBxxI$l2
Michele Gray,michele.gray.801@outlook.com,dGK^K[bb=o
Monique Reyes,monique.reyes.105@gmail.com,w2W/m;)R%c
Matthew Powers,matthew.powers.77@outlook.com,Y&Q`v8)jjE
Christian Shields,christian.shields.143@yahoo.com,"""M2!Fn!;d_"
Kelly Davis,kelly.davis.251@yahoo.com,oTs-40mkTF
David Whitaker PhD,david.whitaker.phd.851@yahoo.com,/$0dGCn{;[
Jesse Clark,jesse.clark.749@example.com,T%Y.5NS28_
Elizabeth Jones,elizabeth.jones.646@example.com,"Ff%Gy+]7T,"
Jane Davis,jane.davis.808@example.com,|f8^3PH(9T
Aaron Franklin,aaron.franklin.23@outlook.com,]2s400Ro_M
Stephen Hall,stephen.hall.396@outlook.com,"P#p6bQ^an"""
Gregory Lopez,gregory.lopez.580@example.com,GN!D+*t&KQ
Bryan Nichols,bryan.nichols.723@example.com,r%dT!]OD6B
Nancy Nichols DDS,nancy.nichols.dds.352@gmail.com,uklAmubWDk
Christopher Evans,christopher.evans.926@example.com,0
Juan Moore,juan.moore.999@example.com,?x)T]-+C@>
Barbara Thomas,barbara.thomas.594@outlook.com,"!}/_{,|pI<"
James Vasquez,james.vasquez.54@example.com,u\8=s+NZEp
Jill Pennington,jill.pennington.661@gmail.com,Lp7<5qbhy5
Adrian Jones,adrian.jones.306@yahoo.com,:CiJQl$*Yk
James Garcia,james.garcia.392@example.com,)[\lEMi&t{
Amanda Wilson,amanda.wilson.405@example.com,UaoG%0)y&H
Jessica Noble,jessica.noble.23@yahoo.com,gYEs9b4;-e
Tanner Henderson,tanner.henderson.782@outlook.com,#jxgX}]Vo9
Shirley Edwards,shirley.edwards.484@yahoo.com,sL}*u1{K\@
Tiffany Terry,tiffany.terry.892@gmail.com,$&o[mvLd7.
Tonya Jones,tonya.jones.883@gmail.com,YO+E{oU<8e
Nicole Perez,nicole.perez.372@example.com,;ez%;d/zqX
Paul Campbell,paul.campbell.241@gmail.com,V->'9^3sTt
Daniel Moreno,daniel.moreno.757@yahoo.com,IE7^|%|)r8
Donna Manning,donna.manning.11@yahoo.com,QVUs1\l9{n
Christina Warner,christina.warner.386@example.com,2M/*7_0}>F
Linda Gentry,linda.gentry.806@gmail.com,^#wn5W]'#Y
Stacey Yates,stacey.yates.385@outlook.com,e[oH~<3|dL
Amy Wood,amy.wood.587@gmail.com,S^%coIMb@6
Amy Parker,amy.parker.890@yahoo.com,Z*223Y'&(I
Cynthia Stevenson,cynthia.stevenson.205@gmail.com,&JHki;o-hN
Peter Whitaker,peter.whitaker.321@outlook.com,;M@wcz7S2l
Renee Gonzalez,renee.gonzalez.4@gmail.com,yj:.rOiP<w
Sheila Butler,sheila.butler.522@yahoo.com,}M[gyo()1l
Patrick Dawson,patrick.dawson.941@yahoo.com,<G=5tjV-jX
Charlene Calhoun,charlene.calhoun.527@example.com,{|F|4YX<*L
Alan Ramirez,alan.ramirez.202@yahoo.com,zk>$Exjns0
Chelsea Jennings,chelsea.jennings.334@gmail.com,"aE&y4Q""rDR"
Diane Oneal,diane.oneal.763@example.com,TgniLE`.'-
Marcus Gordon,marcus.gordon.236@gmail.com,0
Steven Jones,steven.jones.662@yahoo.com,"SKgbFUz:""p"
Jordan Anderson,jordan.anderson.413@yahoo.com,<oq'eY<D|I
Tammy Miller,tammy.miller.858@outlook.com,";@9{%$""\$S"
Carol Young,carol.young.983@yahoo.com,Z|Ke>v8`L8
Jill Sellers,jill.sellers.780@gmail.com,"n(+a,grqS#"
Michelle Booker,michelle.booker.565@gmail.com,CDCIDoJ%3W
Sarah Spence,sarah.spence.341@outlook.com,OP02)MezNC
Jo Hernandez,jo.hernandez.238@example.com,#NAME?
Elijah Lopez,elijah.lopez.741@example.com,lsA;T=CYs5
John Daniels,john.daniels.979@outlook.com,4`LlwJxT#K
John Frazier,john.frazier.563@outlook.com,zwObhZrI}z
Dr. Justin Obrien DDS,dr..justin.obrien.dds.928@example.com,5!sr#wE6_c
James Mendoza,james.mendoza.562@gmail.com,R}OAAn9{>B
Adam Yu,adam.yu.566@outlook.com,G-5U=EZg\;
Kristie Carroll,kristie.carroll.146@example.com,-y@tqKs3%;
Timothy Wilson,timothy.wilson.996@gmail.com,DU~y]Zggiq
James Meyers,james.meyers.599@yahoo.com,I_]pEukPU?
Jennifer Clayton,jennifer.clayton.192@gmail.com,p~_:Z?QKw!
Stephen Mclean,stephen.mclean.594@outlook.com,GJ%[>T3yWp
Alison Perry,alison.perry.418@yahoo.com,JMKAq.H*3R
Amanda Kelley,amanda.kelley.988@outlook.com,aE%3M^R.>6
Kimberly Bartlett,kimberly.bartlett.409@gmail.com,4vpC\+q.(k
Cassandra Miller,cassandra.miller.909@outlook.com,"*))~{,#S~M"
Christopher Perez,christopher.perez.648@example.com,E()&k-7{GW
Ashley Graham,ashley.graham.591@gmail.com,+^h+Nk~M6L
Richard Hill,richard.hill.674@gmail.com,%=b=Jzkzt#
Joshua Jones,joshua.jones.100@outlook.com,GMEKtRFK9Z
Heather Vega,heather.vega.84@outlook.com,m/Gp[cO@e'
Debra Lopez,debra.lopez.762@yahoo.com,|.zN|e0'H1
Ashley Scott,ashley.scott.872@example.com,lFj^FBZJWC
Fernando Valencia,fernando.valencia.47@gmail.com,ood(Rnh}`r
Meghan Bell,meghan.bell.613@gmail.com,%3^fPslwF$
Ethan Guerrero,ethan.guerrero.982@example.com,Y61A62yI_d
Kimberly Harris,kimberly.harris.42@outlook.com,b/T?aGHgW;
Pamela Walsh,pamela.walsh.228@outlook.com,~W[~_e{.Gm
Judy Brewer,judy.brewer.321@gmail.com,k)u2irWZFR
Stephanie Wright,stephanie.wright.327@yahoo.com,XSX?r@rd%`
Rhonda Small,rhonda.small.265@gmail.com,}v$>D6WcuV
Kari Schultz,kari.schultz.101@yahoo.com,u[-e;%V2o1
Paul Blair Jr.,paul.blair.jr..306@yahoo.com,F)#!<XI;x.
Ricardo Cummings,ricardo.cummings.764@yahoo.com,FF=fLy(hM^
Paul Atkinson,paul.atkinson.167@outlook.com,]%~*enPD/R
Jeffrey Lee,jeffrey.lee.323@outlook.com,qD20|K&D9'
Matthew King,matthew.king.555@yahoo.com,:`Ov$+K@]c
Brandon Cruz,brandon.cruz.665@outlook.com,y<a<M-jDsN
Nicholas Rivera,nicholas.rivera.423@yahoo.com,h[?'C?9F;U
Rebecca Mueller,rebecca.mueller.878@outlook.com,_LXY~`@tiv
Dennis Patel,dennis.patel.387@gmail.com,si?f}=G4n7
Shelley Castro,shelley.castro.404@outlook.com,B*DI~M?gtB
Ronnie Campbell,ronnie.campbell.7@yahoo.com,"TZwi""]M&zu"
Lynn Baldwin,lynn.baldwin.735@outlook.com,"b#x,|<u.EL"
Daniel Barnes,daniel.barnes.756@gmail.com,0
Gary Brooks,gary.brooks.381@example.com,"\Nbi""hArX\"
Jeanne Bradley,jeanne.bradley.584@yahoo.com,@ss=(nk^#O
Lisa Martin,lisa.martin.947@yahoo.com,Nf@0bypNv8
Edward Stewart,edward.stewart.228@yahoo.com,ip_YBCRppM
Alexis Rasmussen,alexis.rasmussen.563@outlook.com,+_-!>Ge$GF
Alan White,alan.white.9@example.com,R=B_UKQY';
Diane Terry,diane.terry.886@gmail.com,FO_Pv7'0]8
Kelly Henry,kelly.henry.573@yahoo.com,ehp!\F:()1
Madison Norman,madison.norman.812@example.com,wW\7Bnc?M(
Tyler Turner,tyler.turner.52@outlook.com,~#RO~'[}b6
Charles Martinez,charles.martinez.473@outlook.com,^k~guge[*D
Heather Santos,heather.santos.139@yahoo.com,t>%(Z*mIm|
Bruce Hart,bruce.hart.351@gmail.com,UGwdK90yUP
Matthew Powell,matthew.powell.183@yahoo.com,BL2=j.&tEq
James Sanchez,james.sanchez.979@example.com,zKospU<yPX
Thomas Andrews,thomas.andrews.902@outlook.com,1(ftQf-wpE
Evelyn Wilkinson,evelyn.wilkinson.176@yahoo.com,qRA`hF$#P2
Preston Ryan,preston.ryan.471@outlook.com,",8QhP-/s""{"
Morgan Vincent,morgan.vincent.222@example.com,)CRy%#]|!*
Joshua Olson,joshua.olson.772@outlook.com,aW9>;5XYkM
Michael Cobb,michael.cobb.961@gmail.com,mmk$j/HYG@
Amanda Mendez,amanda.mendez.750@yahoo.com,i5QHrTHjh/
Kathleen Gardner,kathleen.gardner.509@yahoo.com,!.YoR_ey1T
Brendan Greer,brendan.greer.728@yahoo.com,"?!""pP}1+*a"
Judith Lewis,judith.lewis.825@example.com,KmX-O5jP5.
Kaylee Perkins,kaylee.perkins.74@outlook.com,BntEJ=e1*I
Brittany Newman,brittany.newman.300@example.com,"F47""{WnV<q"
Jorge Hebert,jorge.hebert.273@outlook.com,\vP[(MCa]b
David Martinez,david.martinez.589@gmail.com,43RgB@4{{V
Madeline Garcia DDS,madeline.garcia.dds.381@yahoo.com,Nu%#cxTqv)
Reginald Sanders,reginald.sanders.121@outlook.com,5q.(bKAVJZ
Ashley Garcia,ashley.garcia.172@outlook.com,+mA%/l?@sv
Christopher Cameron,christopher.cameron.884@yahoo.com,RR#:!7?1a%
Cynthia Phelps,cynthia.phelps.908@yahoo.com,PFJcj-@Rs{
Connor Robinson,connor.robinson.30@yahoo.com,1HSj<x`U[t
Lisa Wilkerson,lisa.wilkerson.544@yahoo.com,3ASs-ji_F>
Wendy Jones,wendy.jones.276@outlook.com,ywNII7pgAn
Eric Newton,eric.newton.448@gmail.com,"G5>&B{""NYo"
Alicia Jones,alicia.jones.995@gmail.com,EuB3G7K-+L
Maureen Livingston,maureen.livingston.589@example.com,M*#Z4*=_K3
Jennifer Brown,jennifer.brown.328@outlook.com,t*y<v1pLH~
Frank Lamb,frank.lamb.564@example.com,mXN$%90(Gh
Deborah Allen,deborah.allen.939@example.com,Bly+YO<drz
Kari Smith,kari.smith.167@yahoo.com,D(<28G7zmK
John Calderon,john.calderon.764@example.com,Z1V=^@Bg]M
Thomas Wade,thomas.wade.742@example.com,z}8dH6av({
Anne Lewis,anne.lewis.933@gmail.com,",cVd~&(}/["
Katherine Bryant,katherine.bryant.638@outlook.com,"n-,eCT!0-x"
Andrew Fitzgerald,andrew.fitzgerald.467@outlook.com,",o19:HB""C&"
Joseph Navarro,joseph.navarro.769@yahoo.com,"w""^r]@zlYP"
Catherine Reynolds,catherine.reynolds.787@yahoo.com,}xRg#UNj@|
Matthew Sanders,matthew.sanders.681@yahoo.com,Dj6[=BOGw|
Carol Ross,carol.ross.447@gmail.com,}0=ZP(0X=J
Brandon Barrera,brandon.barrera.526@yahoo.com,wDJ)l'0Xh^
Andrew Scott,andrew.scott.965@gmail.com,\p)BRq!njL
Monica Taylor,monica.taylor.807@example.com,"8z12vZ""|IJ"
Jeffrey Harrington,jeffrey.harrington.673@gmail.com,G]5atXe8c&
Maria Walker,maria.walker.815@example.com,.8VXQ^xTlY
Amy Frazier,amy.frazier.257@gmail.com,X*Jz'eQft5
Lawrence Sanchez,lawrence.sanchez.44@yahoo.com,0FY`a-em${
John Gonzalez,john.gonzalez.155@outlook.com,:U!2c!1!FK
William Robinson,william.robinson.388@yahoo.com,?$q}]Ac?\V
Donna Reese,donna.reese.846@example.com,9OR24B~4De
Caroline Walker,caroline.walker.294@example.com,H>-xPDF79!
Theresa Lewis,theresa.lewis.50@example.com,3Tc/[U6)-l
Brenda Fuentes,brenda.fuentes.941@yahoo.com,+W&O)Vxq7S
Angela Bryant,angela.bryant.92@outlook.com,"'<""gz0h[fV"
Andrew Lee,andrew.lee.530@outlook.com,j${JjYu_%Z
Kenneth Payne,kenneth.payne.381@example.com,`<})g%MzYX
Joy Yu,joy.yu.409@outlook.com,jM8wK6Q&DV
James Stephens,james.stephens.464@gmail.com,eCOBy\(pJN
Rachel Miles,rachel.miles.671@gmail.com,+Z744;%UI^
Stanley Woods,stanley.woods.388@yahoo.com,j?sWiRN)x1
John Smith,john.smith.826@outlook.com,$eA9HAZBfi
Phillip Anderson,phillip.anderson.362@gmail.com,NY\<}c{GxO
Eric Flynn,eric.flynn.147@example.com,%_~s{u9fA'
Thomas Mitchell,thomas.mitchell.68@outlook.com,RdFooJuYWZ
Christopher Knight,christopher.knight.285@gmail.com,6|^C5+f?*[
Mrs. Meredith Mora DVM,mrs..meredith.mora.dvm.763@outlook.com,#D$I<VJ6J'
Sean Michael,sean.michael.412@outlook.com,"B[DR`2rX5,"
Jennifer Mayo,jennifer.mayo.687@yahoo.com,~BRTEV1/r?
Calvin Lamb,calvin.lamb.916@gmail.com,Nry%Pb@p%@
Anthony Pierce,anthony.pierce.796@yahoo.com,o7%_{n*\<g
Stephanie Wiley,stephanie.wiley.288@yahoo.com,$Kap<:Y6t4
Carla Reed,carla.reed.995@gmail.com,;L#{-itt:z
William Nguyen,william.nguyen.315@gmail.com,tTg:*N16\u
Michelle Miller,michelle.miller.159@yahoo.com,G/MbRK5n2C
Robin Hines,robin.hines.212@yahoo.com,"""_z3D/l5*("
Jennifer Scott,jennifer.scott.625@example.com,H2azIZ>!Ug
Laura Shields,laura.shields.45@outlook.com,"5y</Zr<""lU"
Miranda Gates,miranda.gates.955@example.com,!XAiSX5@t.
Samantha Huerta,samantha.huerta.816@gmail.com,ng[rGgR/Vp
Scott Dixon,scott.dixon.491@gmail.com,"M%""p=9$z'F"
John Ramirez,john.ramirez.505@example.com,Za$AOSD>E8
Rebecca Short,rebecca.short.641@outlook.com,;K'Aa@m;ea
Roy Webster,roy.webster.914@example.com,/%|BQ={X*_
Sarah Nichols,sarah.nichols.946@example.com,"oOr,G79.4$"
Rhonda Rodgers,rhonda.rodgers.639@outlook.com,jQGTl/1GjZ
Bruce Smith,bruce.smith.212@yahoo.com,}*1WJU<B%x
Lisa Obrien,lisa.obrien.226@outlook.com,{t88IUDB1~
Cassandra Johnson,cassandra.johnson.627@yahoo.com,"nt,!ng$.u2"
Allison Carpenter,allison.carpenter.51@outlook.com,v0(XjHtu5e
Jeff Smith,jeff.smith.400@gmail.com,"lLuEkq""yo;"
Jack Farley,jack.farley.261@outlook.com,s!#21u?xbN
Michelle Ray,michelle.ray.866@outlook.com,&bAook&%#W
James Savage,james.savage.386@yahoo.com,cexZ.y5|nw
Kendra Scott,kendra.scott.605@gmail.com,4J0<)=2]rt
Briana Hall,briana.hall.865@gmail.com,y7G^W+9>+6
Angela Sellers,angela.sellers.421@outlook.com,1MT-')zqbL
Amy Raymond,amy.raymond.282@outlook.com,''We4AbF5O
Amy Pacheco,amy.pacheco.590@example.com,>tq=wRl|P4
Megan Ward,megan.ward.734@yahoo.com,")^d]$K,m^h"
Justin Bradley,justin.bradley.778@example.com,"f'M79#/|""p"
Oscar Peterson,oscar.peterson.84@gmail.com,bCt/QMcLg2
Mrs. Hannah Johnston,mrs..hannah.johnston.187@yahoo.com,C)Qs2iio~W
Dakota Tanner,dakota.tanner.649@gmail.com,20cy_pZBby
Karen Cox,karen.cox.800@gmail.com,"CTe=0e~,Fl"
Brenda Duncan,brenda.duncan.790@gmail.com,Pt6\@`rx_<
Jacqueline Vaughn,jacqueline.vaughn.249@example.com,ead-HM_*@O
Megan Garcia,megan.garcia.188@gmail.com,"|\d)pU1""}v"
Denise Johnson,denise.johnson.57@yahoo.com,xoy4XMdwMs
Tara Carr,tara.carr.18@example.com,"+pQClU""})x"
Brandi Thomas,brandi.thomas.958@outlook.com,uFP`7uL'UO
James Lin,james.lin.155@example.com,>Dn(%%l[iV
Jeffrey Williams,jeffrey.williams.647@gmail.com,Iz40dd%hr|
Bryan Munoz,bryan.munoz.347@outlook.com,nN>_o`ONr0
Melanie Greene,melanie.greene.993@gmail.com,>dctaUmP^U
Patricia Mercer,patricia.mercer.419@gmail.com,Os;q`J3uKK
Olivia Perez,olivia.perez.116@yahoo.com,Zf=[:bbBAt
Daniel Montgomery,daniel.montgomery.302@yahoo.com,.;<XBTDVaG
Diane Finley,diane.finley.758@outlook.com,+h.o({CW*<
Angel Thomas,angel.thomas.882@gmail.com,"t7j:Dz~zG,"
Elizabeth Gonzalez,elizabeth.gonzalez.552@gmail.com,A-v~\j6ay!
James Smith,james.smith.429@example.com,y9IHPBMy/O
Troy Stanley,troy.stanley.329@yahoo.com,t]=?q@ezNU
Joan Patterson,joan.patterson.882@gmail.com,"r|,45*jL]-"
Sharon Skinner,sharon.skinner.724@yahoo.com,u@vk.vc?:T
Elizabeth Duncan,elizabeth.duncan.179@outlook.com,an.sljkL4c
Lindsey Vega,lindsey.vega.840@gmail.com,U\lLGCQ0c[
David Nelson,david.nelson.591@yahoo.com,BccG-_mh_;
Paul Moore,paul.moore.214@gmail.com,6BQSY+U%{e
Sarah Gonzales,sarah.gonzales.197@yahoo.com,1ifX`.epUr
Jordan Lee,jordan.lee.904@example.com,",3j2""jRvqA"
Jonathan Hill,jonathan.hill.563@example.com,X$3(<Q%3TX
Michael George,michael.george.238@outlook.com,"qK`(""4MLek"
Amber Price,amber.price.115@example.com,WMU<VZCGjL
Anne Johnson,anne.johnson.281@example.com,55`asW_T<w
Latoya Harrison,latoya.harrison.958@yahoo.com,}NH#rO0+OX
Mark Mcdonald,mark.mcdonald.576@example.com,uc(Plc8S&o
Jonathan Smith,jonathan.smith.261@example.com,2^t>/*JHoC
Andrea Evans,andrea.evans.126@example.com,]#:5WL-KQN
Julie Torres,julie.torres.103@gmail.com,fH?~;%^;13
Dawn Spears,dawn.spears.230@example.com,G~'A|@*cAG
Amanda Douglas,amanda.douglas.130@outlook.com,T5kJN3oz#U
Jennifer Clay,jennifer.clay.503@outlook.com,/Z-<N[)Kqh
Amy Phillips,amy.phillips.224@gmail.com,XW1.OE8y>}
John Bradley,john.bradley.873@yahoo.com,<}R=Xd\FRG
Jordan Ruiz,jordan.ruiz.77@yahoo.com,"baz3^,vzl-"
Walter Wilson,walter.wilson.304@yahoo.com,0
Jason Fisher,jason.fisher.621@example.com,Mncf^XvEHD
Michael Patton,michael.patton.126@outlook.com,q;V|-r/q4e
Eric Reed,eric.reed.513@yahoo.com,"~""=vgC&Z@|"
Christopher Adams,christopher.adams.20@outlook.com,"aKIV/>,EUl"
Diana Vargas,diana.vargas.98@gmail.com,ETqHY>VYZ>
John Tyler,john.tyler.727@outlook.com,*`U6|xF^Iw
Daniel Williams,daniel.williams.587@gmail.com,5jS2Oe!a5#
Brandon Brown,brandon.brown.504@gmail.com,/r2KE5zz#o
Michael Moore,michael.moore.426@example.com,!&W5ucM^^O
Elizabeth Obrien,elizabeth.obrien.887@example.com,"5*qAm'4W,p"
Brianna Knox,brianna.knox.646@outlook.com,"h5""|`2HD~\"
Chase Williams,chase.williams.222@yahoo.com,"80A~,b$`fr"
Jennifer Jones,jennifer.jones.488@example.com,$+beI+i-Q@
Kyle Ortiz,kyle.ortiz.596@example.com,'Y=\;b&=^\
Lori Evans,lori.evans.4@yahoo.com,S}u~&#O}~?
Jillian Fowler,jillian.fowler.204@gmail.com,y!'JSs)qkr
Alexandria Acosta,alexandria.acosta.627@yahoo.com,a/<q$\ibZA
Carol Hoffman,carol.hoffman.207@outlook.com,|'.34km4TR
Jeremy Berry,jeremy.berry.142@outlook.com,qZzn~M+Bg?
Leslie Campbell,leslie.campbell.569@gmail.com,"D,31H`9R5W"
Steve Pierce,steve.pierce.885@gmail.com,-eWvK{97;@
Cheyenne Nolan,cheyenne.nolan.260@yahoo.com,\28GkGV;q}
Tina Anderson,tina.anderson.876@outlook.com,"Y~rlz*,Zp^"
Ashley Wolfe MD,ashley.wolfe.md.59@outlook.com,"CK,>E^Q.1I"
David Lang,david.lang.115@outlook.com,oW9fFOgD[6
Sara Davis,sara.davis.921@example.com,"~L^-,`t0HU"
Kevin Swanson,kevin.swanson.947@yahoo.com,"5p&p""d.PF0"
Aaron Sanford,aaron.sanford.958@example.com,C6d!1CqL2A
Dominique Owens,dominique.owens.724@outlook.com,"W""n?re>aX6"
Michael Carr,michael.carr.799@example.com,>!T5a%'mEW
Denise Lopez,denise.lopez.819@yahoo.com,n1N`9Q%4$_
Amy Evans,amy.evans.761@yahoo.com,_k@9V_iJV_
Amanda Banks,amanda.banks.775@example.com,&k`0'A9x?2
Wesley Moon,wesley.moon.922@yahoo.com,+amigw#@F[
Michael Hansen,michael.hansen.272@gmail.com,qkJsG`P}#h
Chelsea Phillips,chelsea.phillips.516@gmail.com,P_`y_SgW:f
Janet Davis,janet.davis.431@gmail.com,"cZ4U]""_HF~"
Walter Butler,walter.butler.793@example.com,"0R^UJE""t<;"
Alexis Smith,alexis.smith.560@gmail.com,]30L(E+%$Q
Jeffrey Glenn,jeffrey.glenn.604@gmail.com,0GDk04$b%=
Andrea Hicks,andrea.hicks.693@example.com,",iFyHHliGD"
Jennifer Clark,jennifer.clark.89@gmail.com,V'GNn(o1i&
Monica Keith,monica.keith.559@example.com,"id,@R53-<c"
Kristina Moore,kristina.moore.871@yahoo.com,uUT8/)0Q.A
Rachel Allen,rachel.allen.678@yahoo.com,@}-3q_QmWM
Luke Crane,luke.crane.638@gmail.com,3}Tnw3I'%N
Eric Conway,eric.conway.830@gmail.com,"kW,BH-d0L-"
William Marshall,william.marshall.124@outlook.com,[hgf\B0XDL
Tanya Nelson,tanya.nelson.941@example.com,?>0|.b]_1!
Jerry Butler,jerry.butler.427@gmail.com,Cd};ElK+-s
Jason Reed,jason.reed.945@gmail.com,VyKV-Ua41c
Jeremy Cooper,jeremy.cooper.816@yahoo.com,8%y5e'Gg8I
Malik Logan,malik.logan.579@example.com,^eBgc=Bkn:
Emily Taylor,emily.taylor.787@gmail.com,"""(rAA2r'sI"
Janice Ellis,janice.ellis.160@outlook.com,@L&(W3AvT>
Kirsten Newton,kirsten.newton.670@example.com,0
Ryan Mayo,ryan.mayo.778@outlook.com,.!q_YvA}PW
Maria Mendoza,maria.mendoza.164@gmail.com,PSXI6&CSBQ
Jerry Stone,jerry.stone.391@outlook.com,"O|d""^KM'))"
Kenneth Rodriguez,kenneth.rodriguez.211@yahoo.com,".roVA!fK,h"
David Hernandez,david.hernandez.678@yahoo.com,eGG>2Lz5<q
Amy Davenport,amy.davenport.725@example.com,"UL"">rIV,j8"
Thomas Delgado,thomas.delgado.639@outlook.com,FgU@Tq[7Dw
Jamie Young,jamie.young.497@outlook.com,"~""`|_7+JNV"
Hannah Keller,hannah.keller.743@yahoo.com,%^c#C^KHyi
Ashley Reid,ashley.reid.414@yahoo.com,&NM%*l;d4_
Steven Alexander,steven.alexander.45@yahoo.com,YC4bKdw:K)
Ronald Rodriguez,ronald.rodriguez.152@yahoo.com,"B'{(sy13,E"
Lori Cox,lori.cox.286@gmail.com,F0g3T#84_L
Kimberly Davis,kimberly.davis.732@outlook.com,5s(W5|:%Dn
Nicholas Lynch,nicholas.lynch.772@yahoo.com,VvUZ;*tkRu
Mark Garcia,mark.garcia.571@yahoo.com,'x?Udou/8~
Mary Brown,mary.brown.141@gmail.com,"4T+w,.R'Ct"
David Robinson,david.robinson.574@gmail.com,.%OX[hU3XS
Caitlyn Small,caitlyn.small.150@outlook.com,^w'a#wkOrY
Charles Moore,charles.moore.565@yahoo.com,6bUeuOrOd%
Jamie Tate,jamie.tate.741@outlook.com,"I;/s{e#(,N"
Gina Miller,gina.miller.616@example.com,"2H!CQ3.q0,"
Lisa Walker,lisa.walker.199@example.com,xu&CbP'YEW
Renee Fuller,renee.fuller.610@outlook.com,2EtKobpv2I
Samuel Rivera,samuel.rivera.665@yahoo.com,`H?Q4#<fH0
Andrea Fox,andrea.fox.644@outlook.com,yn0VFu8>=h
Marissa Miller,marissa.miller.74@yahoo.com,JCM64'4>bS
Amy Robinson,amy.robinson.261@outlook.com,"&oe8clo~,+"
Mr. Michael Herrera MD,mr..michael.herrera.md.136@example.com,<4!(MQ#}?o
Jessica Neal,jessica.neal.774@yahoo.com,Vr30U^94@b
Jessica Franklin,jessica.franklin.978@yahoo.com,fcJMFyUk6s
Penny Jones,penny.jones.894@outlook.com,|U@)AB.:v3
Vicki Campbell,vicki.campbell.826@yahoo.com,ju`z-SFEdF
Kathleen Brewer,kathleen.brewer.623@outlook.com,4Q|4SbD1XA
Angela White,angela.white.193@gmail.com,"Wk,S-3[U|("
Nicole Mora,nicole.mora.919@yahoo.com,+MXLsckyJs
David Scott,david.scott.753@yahoo.com,"r_G)./""qO3"
Tanya Rowe,tanya.rowe.703@outlook.com,"x}8P!h,jn"""
Andrea Acosta,andrea.acosta.883@gmail.com,jwFG1PwcK8
Anne Perez,anne.perez.301@example.com,C<DR6E8.bl
Traci Johnson,traci.johnson.709@example.com,`7S]gK${PQ
Sharon Hughes,sharon.hughes.29@example.com,-+4%pS<RYh
Andrea Brown,andrea.brown.430@example.com,c~Mm>$#S]A
Jessica Spencer,jessica.spencer.162@gmail.com,"nR_Oe,BvIF"
Ana Cox,ana.cox.775@gmail.com,dg>{aE@?M_
Melissa Nguyen,melissa.nguyen.458@example.com,3xAhKx~$#l
Calvin Rodriguez,calvin.rodriguez.869@yahoo.com,F-]9I<yZ7F
Nicole Perez,nicole.perez.278@example.com,L%P%-?eDt5
Jason Weaver DVM,jason.weaver.dvm.235@outlook.com,A{jsilUej_
Matthew Nguyen,matthew.nguyen.553@outlook.com,g85B%3hOTK
Victoria Torres,victoria.torres.666@example.com,?>$$/erH{H
Christine Oconnell,christine.oconnell.846@yahoo.com,U77nmyy6Hx
Roger Fowler,roger.fowler.859@example.com,RIEa.h'Lh5
Brian Romero,brian.romero.908@outlook.com,`:!b;L1IjA
Nicole Boyd,nicole.boyd.403@gmail.com,";Av*3as,g,"
Tracy Kelley,tracy.kelley.399@yahoo.com,H;tKsjsj(b
Amy Cox,amy.cox.771@example.com,$_Io*Kg=2@
William Higgins,william.higgins.576@yahoo.com,fO&_iitGae
Jonathan Williams,jonathan.williams.946@gmail.com,Trk5}@YwMs
Aaron Paul,aaron.paul.384@outlook.com,$[@wT7F!6$
Joseph Phillips,joseph.phillips.699@gmail.com,$Ys>%z^1_O
Donna Smith,donna.smith.995@outlook.com,qA}?0G[]5/
Devon Bennett,devon.bennett.874@example.com,rJO6}r|a`G
Jeffrey Ruiz,jeffrey.ruiz.730@gmail.com,cYML(B;NS=
Andrew Anderson,andrew.anderson.923@outlook.com,crYiZ.8|sP
Kathy Lopez,kathy.lopez.743@gmail.com,n&0ArSb8z5
Cory Pittman,cory.pittman.794@gmail.com,f:0jkh@z>U
Shaun Fuller,shaun.fuller.819@outlook.com,^\V_NDF8yK
Thomas Hill,thomas.hill.527@gmail.com,~)S(h&/SN*
David Oliver,david.oliver.399@yahoo.com,J^7]s>{jmn
Teresa Mcdonald,teresa.mcdonald.22@outlook.com,;U42LdTZaP
Sandra Mcclain,sandra.mcclain.620@gmail.com,O`SBRX|WT$
Jeremy Bender,jeremy.bender.6@gmail.com,7_ZG]cs4hC
Kayla Scott,kayla.scott.237@yahoo.com,"uV{dl""0uIt"
Sandra Vasquez,sandra.vasquez.891@outlook.com,p}b_D<^Nu{
Chase Haynes,chase.haynes.237@example.com,[o_:v)4LGB
Jeffrey Smith,jeffrey.smith.583@outlook.com,eJ01cmsedl
Diane Galvan,diane.galvan.465@gmail.com,"*Tyjw,/7WI"
Jonathan Owens,jonathan.owens.868@gmail.com,b0BW$v@-\V
Shannon Quinn,shannon.quinn.99@example.com,dnsP]')7_Q
Steven Reynolds,steven.reynolds.705@gmail.com,"{qz""X*YG-,"
Sara Shepherd,sara.shepherd.943@yahoo.com,X4ia_amN5}
Mrs. Sally Parker,mrs..sally.parker.357@yahoo.com,$B/-/h=I?8
Jessica Oconnor,jessica.oconnor.656@gmail.com,3cxI6Yhl?k
Katherine Bell,katherine.bell.48@yahoo.com,<I7fZ~MDm6
William Thomas,william.thomas.991@outlook.com,%k8+ULeLg!
Timothy Mora Jr.,timothy.mora.jr..526@outlook.com,"3Ki<WDK""B9"
Thomas Dixon,thomas.dixon.155@gmail.com,`&gEg%*8YY
Jennifer Nichols,jennifer.nichols.459@example.com,>*-GQi<z+B
Lisa Hernandez,lisa.hernandez.566@example.com,Ib:b2OhU{C
Miranda Smith,miranda.smith.122@outlook.com,VoU~E;xeQU
Matthew Orr,matthew.orr.80@outlook.com,"WiD9""wu~d8"
Leslie Scott,leslie.scott.4@yahoo.com,xVVLgMe*gH
Felicia Oneill,felicia.oneill.156@gmail.com,G9G}%6M-SF
Shane Sullivan,shane.sullivan.324@gmail.com,::4iM;5}^5
Kelly Sanchez,kelly.sanchez.758@outlook.com,v[iYU=]pIx
Emily Pena,emily.pena.617@outlook.com,uWe@fY.H:s
Monique Young,monique.young.86@gmail.com,MX9mL!`z57
Angela Flores,angela.flores.571@gmail.com,y5*9!7*O}Z
David Reyes,david.reyes.394@example.com,ZtY#I&i2q=
Tracey Dickson,tracey.dickson.722@outlook.com,Zq`;~uI^5h
Jennifer Lee,jennifer.lee.961@outlook.com,"l/.';\Xa""!"
Carrie Harris,carrie.harris.407@example.com,+kF#@=(I{D
Mikayla Montgomery,mikayla.montgomery.392@yahoo.com,#xRO[=cq;H
David Young,david.young.881@outlook.com,wVA'WXj9A9
Adam Fischer,adam.fischer.810@outlook.com,]3H99^v2jS
Logan Robles,logan.robles.313@outlook.com,#CVbyIm(hK
Jacob Montgomery,jacob.montgomery.545@yahoo.com,mK&|WommK5
Elizabeth Lindsey,elizabeth.lindsey.872@gmail.com,0
Mrs. Emily Hernandez,mrs..emily.hernandez.745@outlook.com,"o\h=<R@t""`"
Ricky Jones,ricky.jones.195@yahoo.com,%gs5JD)%H4
Nicholas Ellison,nicholas.ellison.423@example.com,Z%:v'X')R~
Maria Garrett,maria.garrett.342@yahoo.com,`kbRaz}7D!
Heather Scott,heather.scott.528@example.com,qAuB8;=kfu
Austin Bond,austin.bond.899@gmail.com,)VC`6$.^\}
Adriana Gonzalez,adriana.gonzalez.756@gmail.com,_rC!]h;biL
Rachel Ballard,rachel.ballard.905@yahoo.com,c:d6!MZ|8P
Charles Baker,charles.baker.803@example.com,"hi0Nu)[3,="
Ryan Carney,ryan.carney.494@yahoo.com,ZlK@QS[CXN
Andrew Copeland,andrew.copeland.83@example.com,<nBAD_fh@`
Marilyn Boyd,marilyn.boyd.819@yahoo.com,WA#'Of|t\&
Amy Brown,amy.brown.899@outlook.com,mg9vHP*Fm3
Gabrielle Rodriguez,gabrielle.rodriguez.897@gmail.com,:z|u3C//le
Raymond Bennett,raymond.bennett.195@gmail.com,s>Y^n8x2{z
Bradley Obrien,bradley.obrien.570@outlook.com,0jza~j<Yby
Carol Robinson,carol.robinson.613@yahoo.com,"]%hqL""Gx\A"
Jay Allen,jay.allen.264@yahoo.com,bS+EMbkv/7
Amber Webb,amber.webb.858@outlook.com,0+2rWo_=Rj
Andrew Foster,andrew.foster.492@example.com,"6,$Tw4ayHd"
Brooke Chapman,brooke.chapman.1@example.com,*{:[0C6'[\
Haley Castillo,haley.castillo.861@gmail.com,<2njGl>Gfr
John Moore,john.moore.611@yahoo.com,m}!gN*rsWN
Corey Cox,corey.cox.226@example.com,`?r$.E:$bo
Aaron Jennings,aaron.jennings.485@outlook.com,"2S`W,FaH%H"
Hannah Hines,hannah.hines.528@yahoo.com,6<HvZ-kl$c
Yesenia Anderson,yesenia.anderson.472@example.com,G`O;:}hz6j
Chris Holden,chris.holden.537@outlook.com,(U(kR2_drw
Christopher Martin,christopher.martin.575@gmail.com,p;5TBd1;W9
Rachel Beasley,rachel.beasley.230@gmail.com,wKG-=#ggeM
Dustin Smith,dustin.smith.598@yahoo.com,rF2Sa12b$J
Daniel Anderson,daniel.anderson.154@example.com,'PR.sh-iOc
Mark Perez,mark.perez.782@yahoo.com,"Q3""BKgbiR{"
William Cruz,william.cruz.458@example.com,"v#A""7=BMG["
Jennifer Brown,jennifer.brown.413@gmail.com,*mus>O9}x4
Heather Myers,heather.myers.296@yahoo.com,Q_*5jf\a{Y
Yolanda Jackson,yolanda.jackson.547@outlook.com,"_f%R\n"";YW"
Natalie Ryan,natalie.ryan.330@example.com,"XU5e&D%""TJ"
Rachael Wells,rachael.wells.21@example.com,9OEtvz8FR!
John Nelson,john.nelson.194@example.com,"DLaABU'""bz"
Sharon Hall,sharon.hall.692@outlook.com,y<;P^@OpVR
Mrs. Lisa Moran,mrs..lisa.moran.614@outlook.com,0cQ~'Q{!Ev
Matthew Martinez,matthew.martinez.161@yahoo.com,v|:8f#DyAY
John Long,john.long.882@outlook.com,"0F5a6,Y>Ld"
Tina Payne,tina.payne.897@example.com,%fu@BPPAKt
Eric Thompson,eric.thompson.876@outlook.com,<-d{5\n'9H
John Griffin,john.griffin.401@yahoo.com,$)KuJ4!#(n
Michael Frank,michael.frank.35@example.com,QbzG+j3l=?
Raymond Wise,raymond.wise.891@yahoo.com,(x{Tsi<!V~
Bianca Russell,bianca.russell.628@example.com,":PIHNG""(Ya"
Lori Figueroa,lori.figueroa.760@yahoo.com,AdKxcG/+Ek
Erin Ramirez,erin.ramirez.975@example.com,J:IUpX/rE]
Gary Taylor,gary.taylor.79@example.com,S[x[\U:Ho%
Ryan Gonzales,ryan.gonzales.53@yahoo.com,`_ur8w:V1b
Wanda Carey,wanda.carey.5@example.com,"_i_#Gb,zEs"
Brenda Cannon,brenda.cannon.704@outlook.com,m)i&i^W`!x
Tonya Davis,tonya.davis.224@outlook.com,3^4m'NQw7?
Susan Ellis,susan.ellis.517@gmail.com,}H|V6oMQ'Y
Mrs. Mary Hernandez,mrs..mary.hernandez.469@gmail.com,;72.rhPe^w
Jennifer Thomas,jennifer.thomas.401@gmail.com,k]74x\p=OU
Daniel Shannon,daniel.shannon.452@example.com,v{Hqh{Z_kr
Stephen Ward,stephen.ward.756@gmail.com,K*:}#OY%pU
Sandra Ward,sandra.ward.261@outlook.com,:2!X5-';Z3
Cynthia Stark,cynthia.stark.491@yahoo.com,"1a&,O6aK+o"
John Huffman,john.huffman.439@yahoo.com,"""it!M*tkW&"
Jeremy Hill,jeremy.hill.55@example.com,2~4qJOWg\h
Margaret Sanders,margaret.sanders.958@yahoo.com,rc{N1Im!tg
Nancy Pacheco,nancy.pacheco.414@gmail.com,hjoU4k@|p}
Joshua Moran,joshua.moran.841@gmail.com,"BP"":I|%?0@"
Holly Grant,holly.grant.483@outlook.com,{&guG:LwKU
Linda Murray,linda.murray.419@outlook.com,^L+&biQLSj
Trevor Harris,trevor.harris.205@yahoo.com,Cz5G?Vw[Dj
Ashley Tanner MD,ashley.tanner.md.239@example.com,)Gw3opJn$>
Tyrone Martin,tyrone.martin.473@gmail.com,-=G8CpbJJ~
Mary Little,mary.little.993@yahoo.com,3P\xkhkD~B
Michael Simmons,michael.simmons.681@example.com,Ca74{BFoOi
Cody Cruz MD,cody.cruz.md.281@outlook.com,"z%""f%U{h[Y"
Lauren Schwartz,lauren.schwartz.873@gmail.com,~~NUY_:[2z
Diane Ramirez,diane.ramirez.660@outlook.com,""")'^-pFp]0"
Sharon Davis,sharon.davis.43@outlook.com,^~v}J{kTK6
Ricardo Rice,ricardo.rice.812@gmail.com,M2Ib~Vq.YH
Donna Jennings,donna.jennings.34@example.com,H<m5D`s:d3
